DELETE FROM `js_sys_config`;
INSERT INTO `js_sys_config` VALUES ('1092344803460943872', '主框架页-主导航菜单显示风格', 'sys.index.menuStyle', '1', '0', 'system', '2020-2-4 19:44:54', 'system', '2020-2-4 19:44:54', '1：菜单全部在左侧；2：根菜单显示在顶部');
INSERT INTO `js_sys_config` VALUES ('1219571612361404416', '研发工具-代码生成默认包名', 'gen.defaultPackageName', 'com.jeesite.modules', '0', 'system', '2020-1-21 18:45:06', 'system', '2020-1-21 18:45:06', '新建项目后，修改该键值，在生成代码的时候就不要再修改了');
INSERT INTO `js_sys_config` VALUES ('1219571612629839872', '主框架页-桌面仪表盘首页地址', 'sys.index.desktopUrl', '/desktop', '0', 'system', '2020-1-21 18:45:06', 'system', '2020-1-21 18:45:06', '主页面的第一个页签首页桌面地址');
INSERT INTO `js_sys_config` VALUES ('1219571612797612032', '主框架页-侧边栏的默认显示样式', 'sys.index.sidebarStyle', '1', '0', 'system', '2020-1-21 18:45:06', 'system', '2020-1-21 18:45:06', '1：默认显示侧边栏；2：默认折叠侧边栏');
INSERT INTO `js_sys_config` VALUES ('1219571612986355712', '主框架页-默认皮肤样式名称', 'sys.index.skinName', 'skin-blue-light', '0', 'system', '2020-1-21 18:45:06', 'system', '2020-1-21 18:45:06', 'skin-black-light、skin-black、skin-blue-light、skin-blue、skin-green-light、skin-green、skin-purple-light、skin-purple、skin-red-light、skin-red、skin-yellow-light、skin-yellow');
INSERT INTO `js_sys_config` VALUES ('1219571613154127872', '用户登录-登录失败多少次数后显示验证码', 'sys.login.failedNumAfterValidCode', '100', '0', 'system', '2020-1-21 18:45:06', 'system', '2020-1-21 18:45:06', '设置为0强制使用验证码登录');
INSERT INTO `js_sys_config` VALUES ('1219571613296734208', '用户登录-登录失败多少次数后锁定账号', 'sys.login.failedNumAfterLockAccount', '200', '0', 'system', '2020-1-21 18:45:06', 'system', '2020-1-21 18:45:06', '登录失败多少次数后锁定账号');
INSERT INTO `js_sys_config` VALUES ('1219571613544198144', '用户登录-登录失败多少次数后锁定账号的时间', 'sys.login.failedNumAfterLockMinute', '20', '0', 'system', '2020-1-21 18:45:06', 'system', '2020-1-21 18:45:06', '锁定账号的时间（单位：分钟）');
INSERT INTO `js_sys_config` VALUES ('1219571613695193088', '账号自助-是否开启用户注册功能', 'sys.account.registerUser', 'true', '0', 'system', '2020-1-21 18:45:06', 'system', '2020-1-21 18:45:06', '是否开启注册用户功能');
INSERT INTO `js_sys_config` VALUES ('1219571613846188032', '账号自助-允许自助注册的用户类型', 'sys.account.registerUser.userTypes', '-1', '0', 'system', '2020-1-21 18:45:06', 'system', '2020-1-21 18:45:06', '允许注册的用户类型（多个用逗号隔开，如果注册时不选择用户类型，则第一个为默认类型）');
INSERT INTO `js_sys_config` VALUES ('1219571613984600064', '账号自助-验证码有效时间（分钟）', 'sys.account.validCodeTimeout', '10', '0', 'system', '2020-1-21 18:45:06', 'system', '2020-1-21 18:45:06', '找回密码时，短信/邮件验证码有效时间（单位：分钟，0表示不限制）');
INSERT INTO `js_sys_config` VALUES ('1219571614139789312', '用户管理-账号默认角色-员工类型', 'sys.user.defaultRoleCodes.employee', 'default', '0', 'system', '2020-1-21 18:45:06', 'system', '2020-1-21 18:45:06', '所有员工用户都拥有的角色权限（适用于菜单授权查询）');
INSERT INTO `js_sys_config` VALUES ('1219571614286589952', '用户管理-账号初始密码', 'sys.user.initPassword', '123456', '0', 'system', '2020-1-21 18:45:06', 'system', '2020-1-21 18:45:06', '创建用户和重置密码的时候用户的密码');
INSERT INTO `js_sys_config` VALUES ('1219571614429196288', '用户管理-初始密码修改策略', 'sys.user.initPasswordModify', '1', '0', 'system', '2020-1-21 18:45:06', 'system', '2020-1-21 18:45:06', '0：初始密码修改策略关闭，没有任何提示；1：提醒用户，如果未修改初始密码，则在登录时和点击菜单就会提醒修改密码对话框；2：强制实行初始密码修改，登录后若不修改密码则不能进行系统操作');
INSERT INTO `js_sys_config` VALUES ('1219571614559219712', '用户管理-账号密码修改策略', 'sys.user.passwordModify', '1', '0', 'system', '2020-1-21 18:45:06', 'system', '2020-1-21 18:45:06', '0：密码修改策略关闭，没有任何提示；1：提醒用户，如果未修改初始密码，则在登录时和点击菜单就会提醒修改密码对话框；2：强制实行初始密码修改，登录后若不修改密码则不能进行系统操作。');
INSERT INTO `js_sys_config` VALUES ('1219571614697631744', '用户管理-账号密码修改策略验证周期', 'sys.user.passwordModifyCycle', '30', '0', 'system', '2020-1-21 18:45:06', 'system', '2020-1-21 18:45:06', '密码安全修改周期是指定时间内提醒或必须修改密码（例如设置30天）的验证时间（天），超过这个时间登录系统时需，提醒用户修改密码或强制修改密码才能继续使用系统。单位：天，如果设置30天，则第31天开始强制修改密码');
INSERT INTO `js_sys_config` VALUES ('1219571614869598208', '用户管理-密码修改多少次内不允许重复', 'sys.user.passwordModifyNotRepeatNum', '1', '0', 'system', '2020-1-21 18:45:06', 'system', '2020-1-21 18:45:06', '默认1次，表示不能与上次密码重复；若设置为3，表示并与前3次密码重复');
INSERT INTO `js_sys_config` VALUES ('1219571615024787456', '用户管理-账号密码修改最低安全等级', 'sys.user.passwordModifySecurityLevel', '0', '0', 'system', '2020-1-21 18:45:06', 'system', '2020-1-21 18:45:06', '0：不限制等级（用户在修改密码的时候不进行等级验证）\r；1：限制最低等级为很弱\r；2：限制最低等级为弱\r；3：限制最低等级为安全\r；4：限制最低等级为很安全');

DELETE FROM `js_sys_file_entity`;
INSERT INTO `js_sys_file_entity` VALUES ('1225068469421010946', '825f7758198714897e9906abbf156cdc', '202002/', 'image/jpeg', 'jpg', 122482, '{\"width\":1024,\"height\":481}');

DELETE FROM `js_sys_job`;
INSERT INTO `js_sys_job` VALUES ('MsgLocalMergePushTask', 'SYSTEM', '消息推送服务 (延迟推送)', 'msgLocalMergePushTask.execute()', '0 0/30 * * * ?', 2, '0', 'JeeSiteScheduler', '2', 'system', '2020-1-21 18:45:21', 'system', '2020-1-21 18:45:21', NULL);
INSERT INTO `js_sys_job` VALUES ('MsgLocalPushTask', 'SYSTEM', '消息推送服务 (实时推送)', 'msgLocalPushTask.execute()', '0/3 * * * * ?', 2, '0', 'JeeSiteScheduler', '2', 'system', '2020-1-21 18:45:21', 'system', '2020-1-21 18:45:21', NULL);

DELETE FROM `js_sys_module`;
INSERT INTO `js_sys_module` VALUES ('bpm', '业务流程', '流程设计器、流程监管控制、流程办理、流程追踪', 'com.jeesite.modules.bpm.entity.BpmEntity', '4.1.x', NULL, '0', 'system', '2020-2-4 19:44:59', 'system', '2020-2-4 19:44:59', NULL);
INSERT INTO `js_sys_module` VALUES ('cms', '内容管理', '网站、站点、栏目、文章、链接、评论、留言板', 'com.jeesite.modules.cms.web.CmsController', '4.0.0', NULL, '0', 'system', '2020-1-21 18:45:07', 'system', '2020-1-21 18:45:07', NULL);
INSERT INTO `js_sys_module` VALUES ('core', '核心模块', '用户、角色、组织、模块、菜单、字典、参数', 'com.jeesite.modules.sys.web.LoginController', '4.1.8', 'upgrade 2020-02-04 19:44:59 (4.1.2 -> 4.1.8)', '0', 'system', '2020-1-21 18:45:07', 'system', '2020-2-4 19:45:00', NULL);
INSERT INTO `js_sys_module` VALUES ('filemanager', '文件管理', '公共文件柜、个人文件柜、文件分享', 'com.jeesite.modules.filemanager.web.FilemanagerController', '4.1.6', 'upgrade 2020-02-04 19:45:01 (4.1.4 -> 4.1.6)', '0', 'system', '2020-2-4 19:44:56', 'system', '2020-2-4 19:45:01', NULL);

DELETE FROM `test_tree`;
INSERT INTO `test_tree` VALUES ('111', '0', '0,', 30, '0000000030,', '0', 0, '根节点', '根节点', '0', 'system', '2020-2-5 22:50:31', 'system', '2020-2-5 22:50:31', '');
INSERT INTO `test_tree` VALUES ('112', '111', '0,111,', 30, '0000000030,0000000030,', '1', 1, '根节点/叶子1', '叶子1', '0', 'system', '2020-2-5 22:50:46', 'system', '2020-2-5 22:50:46', '');
INSERT INTO `test_tree` VALUES ('1121', '111', '0,111,', 60, '0000000030,0000000060,', '1', 1, '根节点/叶子2', '叶子2', '0', 'system', '2020-2-5 22:51:06', 'system', '2020-2-5 22:51:06', '');

DELETE FROM `test_data`;
INSERT INTO `test_data` VALUES ('1225068787265368064', 'ddd', 'adf', '1', '2', '1', '1', '2020-2-7 00:00:00', '2020-2-19 22:46:00', 'user6_jwvc', 'SD31', '370100', 'Shanghai', '0', 'system', '2020-2-5 22:48:54', 'system', '2020-2-5 22:48:54', '');

DELETE FROM `test_data_child`;
INSERT INTO `test_data_child` VALUES ('1225068787521220608', 1, '1225068787265368064', '2', '3', '1', '1', '2', '1', '2020-2-26 00:00:00', '2020-2-16 22:48:00', 'user2_rqyt', '', '', '');

DELETE FROM `js_gen_table`;
INSERT INTO `js_gen_table` VALUES ('test_data', 'TestData', '测试数据', NULL, NULL, NULL, 'crud', 'com.jeesite.modules', 'test', '', '测试数据', '数据', 'ThinkGem', NULL, '{\"isHaveDelete\":\"1\",\"isFileUpload\":\"1\",\"isHaveDisableEnable\":\"1\",\"isImageUpload\":\"1\"}', 'system', '2020-1-21 18:45:21', 'system', '2020-1-21 18:45:21', NULL);
INSERT INTO `js_gen_table` VALUES ('test_data_child', 'TestDataChild', '测试数据子表', 'test_data', 'test_data_id', NULL, 'crud', 'com.jeesite.modules', 'test', '', '测试子表', '数据', 'ThinkGem', NULL, NULL, 'system', '2020-1-21 18:45:21', 'system', '2020-1-21 18:45:21', NULL);
INSERT INTO `js_gen_table` VALUES ('test_tree', 'TestTree', '测试树表', NULL, NULL, NULL, 'treeGrid', 'com.jeesite.modules', 'test', '', '测试树表', '数据', 'ThinkGem', NULL, '{\"treeViewName\":\"tree_name\",\"isHaveDelete\":\"1\",\"treeViewCode\":\"tree_code\",\"isFileUpload\":\"1\",\"isHaveDisableEnable\":\"1\",\"isImageUpload\":\"1\"}', 'system', '2020-1-21 18:45:21', 'system', '2020-1-21 18:45:21', NULL);

DELETE FROM `js_gen_table_column`;
INSERT INTO `js_gen_table_column` VALUES ('1219571676043522048', 'test_data', 'id', 10, 'varchar(64)', '编号', '编号', 'id', 'String', '1', '0', '1', NULL, NULL, NULL, NULL, '1', 'hidden', '{\"fieldValid\":\"abc\"}');
INSERT INTO `js_gen_table_column` VALUES ('1219571676060299264', 'test_data', 'test_input', 20, 'varchar(200)', '单行文本', '单行文本', 'testInput', 'String', NULL, '1', '1', '1', '1', '1', 'LIKE', '1', 'input', NULL);
INSERT INTO `js_gen_table_column` VALUES ('1219571676077076480', 'test_data', 'test_textarea', 30, 'varchar(200)', '多行文本', '多行文本', 'testTextarea', 'String', NULL, '1', '1', '1', '1', '1', 'LIKE', '1', 'textarea', '{\"isNewLine\":\"1\",\"gridRowCol\":\"12/2/10\"}');
INSERT INTO `js_gen_table_column` VALUES ('1219571676089659392', 'test_data', 'test_select', 40, 'varchar(10)', '下拉框', '下拉框', 'testSelect', 'String', NULL, '1', '1', '1', '1', '1', NULL, '1', 'select', '{\"dictName\":\"sys_menu_type\",\"dictType\":\"sys_menu_type\"}');
INSERT INTO `js_gen_table_column` VALUES ('1219571676102242304', 'test_data', 'test_select_multiple', 50, 'varchar(200)', '下拉多选', '下拉多选', 'testSelectMultiple', 'String', NULL, '1', '1', '1', '1', '1', NULL, '1', 'select_multiple', '{\"dictName\":\"sys_menu_type\",\"dictType\":\"sys_menu_type\"}');
INSERT INTO `js_gen_table_column` VALUES ('1219571676123213824', 'test_data', 'test_radio', 60, 'varchar(10)', '单选框', '单选框', 'testRadio', 'String', NULL, '1', '1', '1', '1', '1', NULL, '1', 'radio', '{\"dictName\":\"sys_menu_type\",\"dictType\":\"sys_menu_type\"}');
INSERT INTO `js_gen_table_column` VALUES ('1219571676139991040', 'test_data', 'test_checkbox', 70, 'varchar(200)', '复选框', '复选框', 'testCheckbox', 'String', NULL, '1', '1', '1', '1', '1', NULL, '1', 'checkbox', '{\"dictName\":\"sys_menu_type\",\"dictType\":\"sys_menu_type\"}');
INSERT INTO `js_gen_table_column` VALUES ('1219571676152573952', 'test_data', 'test_date', 80, 'datetime', '日期选择', '日期选择', 'testDate', 'java.util.Date', NULL, '1', '1', '1', '1', '1', 'BETWEEN', '1', 'date', NULL);
INSERT INTO `js_gen_table_column` VALUES ('1219571676169351168', 'test_data', 'test_datetime', 90, 'datetime', '日期时间', '日期时间', 'testDatetime', 'java.util.Date', NULL, '1', '1', '1', '1', '1', 'BETWEEN', '1', 'datetime', NULL);
INSERT INTO `js_gen_table_column` VALUES ('1219571676190322688', 'test_data', 'test_user_code', 100, 'varchar(64)', '用户选择', '用户选择', 'testUser', 'com.jeesite.modules.sys.entity.User', NULL, '1', '1', '1', '1', '1', NULL, '1', 'userselect', NULL);
INSERT INTO `js_gen_table_column` VALUES ('1219571676207099904', 'test_data', 'test_office_code', 110, 'varchar(64)', '机构选择', '机构选择', 'testOffice', 'com.jeesite.modules.sys.entity.Office', NULL, '1', '1', '1', '1', '1', NULL, '1', 'officeselect', NULL);
INSERT INTO `js_gen_table_column` VALUES ('1219571676228071424', 'test_data', 'test_area_code', 120, 'varchar(64)', '区域选择', '区域选择', 'testAreaCode|testAreaName', 'String', NULL, '1', '1', '1', '1', '1', NULL, '1', 'areaselect', NULL);
INSERT INTO `js_gen_table_column` VALUES ('1219571676240654336', 'test_data', 'test_area_name', 130, 'varchar(100)', '区域名称', '区域名称', 'testAreaName', 'String', NULL, '1', '1', '1', '1', '0', 'LIKE', '0', 'input', NULL);
INSERT INTO `js_gen_table_column` VALUES ('1219571676253237248', 'test_data', 'status', 140, 'char(1)', '状态', '状态（0正常 1删除 2停用）', 'status', 'String', NULL, '0', '1', NULL, '1', '1', NULL, NULL, 'select', '{\"dictName\":\"sys_search_status\",\"dictType\":\"sys_search_status\"}');
INSERT INTO `js_gen_table_column` VALUES ('1219571676274208768', 'test_data', 'create_by', 150, 'varchar(64)', '创建者', '创建者', 'createBy', 'String', NULL, '0', '1', NULL, NULL, NULL, NULL, NULL, 'input', NULL);
INSERT INTO `js_gen_table_column` VALUES ('1219571676290985984', 'test_data', 'create_date', 160, 'datetime', '创建时间', '创建时间', 'createDate', 'java.util.Date', NULL, '0', '1', NULL, '1', NULL, NULL, NULL, 'dateselect', NULL);
INSERT INTO `js_gen_table_column` VALUES ('1219571676303568896', 'test_data', 'update_by', 170, 'varchar(64)', '更新者', '更新者', 'updateBy', 'String', NULL, '0', '1', '1', NULL, NULL, NULL, NULL, 'input', NULL);
INSERT INTO `js_gen_table_column` VALUES ('1219571676320346112', 'test_data', 'update_date', 180, 'datetime', '更新时间', '更新时间', 'updateDate', 'java.util.Date', NULL, '0', '1', '1', NULL, NULL, NULL, NULL, 'dateselect', NULL);
INSERT INTO `js_gen_table_column` VALUES ('1219571676332929024', 'test_data', 'remarks', 190, 'varchar(500)', '备注信息', '备注信息', 'remarks', 'String', NULL, '1', '1', '1', '1', '1', NULL, '1', 'textarea', '{\"isNewLine\":\"1\",\"gridRowCol\":\"12/2/10\"}');
INSERT INTO `js_gen_table_column` VALUES ('1219571676865605632', 'test_data_child', 'id', 10, 'varchar(64)', '编号', '编号', 'id', 'String', '1', '0', '1', NULL, NULL, NULL, NULL, '1', 'hidden', '{\"fieldValid\":\"abc\"}');
INSERT INTO `js_gen_table_column` VALUES ('1219571676903354368', 'test_data_child', 'test_sort', 20, 'int(11)', '排序号', '排序号', 'testSort', 'Long', NULL, '1', '1', '1', '1', '1', NULL, '1', 'input', '{\"fieldValid\":\"digits\"}');
INSERT INTO `js_gen_table_column` VALUES ('1219571676915937280', 'test_data_child', 'test_data_id', 30, 'varchar(64)', '父表主键', '父表主键', 'testData', 'String', NULL, '1', '1', '1', '1', '1', NULL, '1', 'input', NULL);
INSERT INTO `js_gen_table_column` VALUES ('1219571676932714496', 'test_data_child', 'test_input', 40, 'varchar(200)', '单行文本', '单行文本', 'testInput', 'String', NULL, '1', '1', '1', '1', '1', 'LIKE', '1', 'input', NULL);
INSERT INTO `js_gen_table_column` VALUES ('1219571676945297408', 'test_data_child', 'test_textarea', 50, 'varchar(200)', '多行文本', '多行文本', 'testTextarea', 'String', NULL, '1', '1', '1', '1', '1', 'LIKE', '1', 'textarea', '{\"isNewLine\":\"1\",\"gridRowCol\":\"12/2/10\"}');
INSERT INTO `js_gen_table_column` VALUES ('1219571676962074624', 'test_data_child', 'test_select', 60, 'varchar(10)', '下拉框', '下拉框', 'testSelect', 'String', NULL, '1', '1', '1', '1', '1', NULL, '1', 'select', '{\"dictName\":\"sys_menu_type\",\"dictType\":\"sys_menu_type\"}');
INSERT INTO `js_gen_table_column` VALUES ('1219571676974657536', 'test_data_child', 'test_select_multiple', 70, 'varchar(200)', '下拉多选', '下拉多选', 'testSelectMultiple', 'String', NULL, '1', '1', '1', '1', '1', NULL, '1', 'select_multiple', '{\"dictName\":\"sys_menu_type\",\"dictType\":\"sys_menu_type\"}');
INSERT INTO `js_gen_table_column` VALUES ('1219571676991434752', 'test_data_child', 'test_radio', 80, 'varchar(10)', '单选框', '单选框', 'testRadio', 'String', NULL, '1', '1', '1', '1', '1', NULL, '1', 'radio', '{\"dictName\":\"sys_menu_type\",\"dictType\":\"sys_menu_type\"}');
INSERT INTO `js_gen_table_column` VALUES ('1219571677008211968', 'test_data_child', 'test_checkbox', 90, 'varchar(200)', '复选框', '复选框', 'testCheckbox', 'String', NULL, '1', '1', '1', '1', '1', NULL, '1', 'checkbox', '{\"dictName\":\"sys_menu_type\",\"dictType\":\"sys_menu_type\"}');
INSERT INTO `js_gen_table_column` VALUES ('1219571677020794880', 'test_data_child', 'test_date', 100, 'datetime', '日期选择', '日期选择', 'testDate', 'java.util.Date', NULL, '1', '1', '1', '1', '1', 'BETWEEN', '1', 'date', NULL);
INSERT INTO `js_gen_table_column` VALUES ('1219571677037572096', 'test_data_child', 'test_datetime', 110, 'datetime', '日期时间', '日期时间', 'testDatetime', 'java.util.Date', NULL, '1', '1', '1', '1', '1', 'BETWEEN', '1', 'datetime', NULL);
INSERT INTO `js_gen_table_column` VALUES ('1219571677050155008', 'test_data_child', 'test_user_code', 120, 'varchar(64)', '用户选择', '用户选择', 'testUser', 'com.jeesite.modules.sys.entity.User', NULL, '1', '1', '1', '1', '1', NULL, '1', 'userselect', NULL);
INSERT INTO `js_gen_table_column` VALUES ('1219571677062737920', 'test_data_child', 'test_office_code', 130, 'varchar(64)', '机构选择', '机构选择', 'testOffice', 'com.jeesite.modules.sys.entity.Office', NULL, '1', '1', '1', '1', '1', NULL, '1', 'officeselect', NULL);
INSERT INTO `js_gen_table_column` VALUES ('1219571677079515136', 'test_data_child', 'test_area_code', 140, 'varchar(64)', '区域选择', '区域选择', 'testAreaCode|testAreaName', 'String', NULL, '1', '1', '1', '1', '1', NULL, '1', 'areaselect', NULL);
INSERT INTO `js_gen_table_column` VALUES ('1219571677092098048', 'test_data_child', 'test_area_name', 150, 'varchar(100)', '区域名称', '区域名称', 'testAreaName', 'String', NULL, '1', '1', '1', '1', '0', 'LIKE', '0', 'input', NULL);
INSERT INTO `js_gen_table_column` VALUES ('1219571677616386048', 'test_tree', 'tree_code', 10, 'varchar(64)', '节点编码', '节点编码', 'treeCode', 'String', '1', '0', '1', NULL, NULL, NULL, NULL, '1', 'input', '{\"fieldValid\":\"abc\"}');
INSERT INTO `js_gen_table_column` VALUES ('1219571677628968960', 'test_tree', 'parent_code', 20, 'varchar(64)', '父级编号', '父级编号', 'parentCode|parentName', 'This', NULL, '0', '1', '1', '1', '1', NULL, '1', 'treeselect', NULL);
INSERT INTO `js_gen_table_column` VALUES ('1219571677645746176', 'test_tree', 'parent_codes', 30, 'varchar(1000)', '所有父级编号', '所有父级编号', 'parentCodes', 'String', NULL, '0', '1', '1', '1', '1', 'LIKE', '0', 'input', NULL);
INSERT INTO `js_gen_table_column` VALUES ('1219571677658329088', 'test_tree', 'tree_sort', 40, 'decimal(10,0)', '本级排序号', '本级排序号（升序）', 'treeSort', 'Integer', NULL, '0', '1', '1', '1', '1', NULL, '1', 'input', '{\"fieldValid\":\"digits\"}');
INSERT INTO `js_gen_table_column` VALUES ('1219571677675106304', 'test_tree', 'tree_sorts', 50, 'varchar(1000)', '所有级别排序号', '所有级别排序号', 'treeSorts', 'String', NULL, '0', '1', '1', '0', '1', NULL, '0', 'input', NULL);
INSERT INTO `js_gen_table_column` VALUES ('1219571677687689216', 'test_tree', 'tree_leaf', 60, 'char(1)', '是否最末级', '是否最末级', 'treeLeaf', 'String', NULL, '0', '1', '1', NULL, NULL, NULL, NULL, 'input', NULL);
INSERT INTO `js_gen_table_column` VALUES ('1219571677704466432', 'test_tree', 'tree_level', 70, 'decimal(4,0)', '层次级别', '层次级别', 'treeLevel', 'Integer', NULL, '0', '1', '1', NULL, NULL, NULL, NULL, 'input', '{\"fieldValid\":\"digits\"}');
INSERT INTO `js_gen_table_column` VALUES ('1219571677725437952', 'test_tree', 'tree_names', 80, 'varchar(1000)', '全节点名', '全节点名', 'treeNames', 'String', NULL, '0', '1', '1', '1', '1', 'LIKE', '1', 'input', NULL);
INSERT INTO `js_gen_table_column` VALUES ('1219571677738020864', 'test_tree', 'tree_name', 90, 'varchar(200)', '节点名称', '节点名称', 'treeName', 'String', NULL, '0', '1', '1', '1', '1', 'LIKE', '1', 'input', NULL);
INSERT INTO `js_gen_table_column` VALUES ('1219571677754798080', 'test_tree', 'status', 100, 'char(1)', '状态', '状态（0正常 1删除 2停用）', 'status', 'String', NULL, '0', '1', NULL, '1', '1', NULL, NULL, 'select', '{\"dictName\":\"sys_search_status\",\"dictType\":\"sys_search_status\"}');
INSERT INTO `js_gen_table_column` VALUES ('1219571677767380992', 'test_tree', 'create_by', 110, 'varchar(64)', '创建者', '创建者', 'createBy', 'String', NULL, '0', '1', NULL, NULL, NULL, NULL, NULL, 'input', NULL);
INSERT INTO `js_gen_table_column` VALUES ('1219571677779963904', 'test_tree', 'create_date', 120, 'datetime', '创建时间', '创建时间', 'createDate', 'java.util.Date', NULL, '0', '1', NULL, '1', NULL, NULL, NULL, 'dateselect', NULL);
INSERT INTO `js_gen_table_column` VALUES ('1219571677800935424', 'test_tree', 'update_by', 130, 'varchar(64)', '更新者', '更新者', 'updateBy', 'String', NULL, '0', '1', '1', NULL, NULL, NULL, NULL, 'input', NULL);
INSERT INTO `js_gen_table_column` VALUES ('1219571677813518336', 'test_tree', 'update_date', 140, 'datetime', '更新时间', '更新时间', 'updateDate', 'java.util.Date', NULL, '0', '1', '1', NULL, NULL, NULL, NULL, 'dateselect', NULL);
INSERT INTO `js_gen_table_column` VALUES ('1219571677838684160', 'test_tree', 'remarks', 150, 'varchar(500)', '备注信息', '备注信息', 'remarks', 'String', NULL, '1', '1', '1', '1', '1', NULL, '1', 'textarea', '{\"isNewLine\":\"1\",\"gridRowCol\":\"12/2/10\"}');

DELETE FROM `js_filemanager_folder`;
INSERT INTO `js_filemanager_folder` VALUES ('1119900392012357632', '0', '0,', 40, '0000000040,', '0', 0, '公司文件', '公司文件', 'global', NULL, '0', 'system', '2020-2-4 19:45:00', 'system', '2020-2-4 19:45:00', NULL, '0', 'TPM');
INSERT INTO `js_filemanager_folder` VALUES ('1119900392196907008', '1119900392012357632', '0,1119900392012357632,', 30, '0000000040,0000000030,', '1', 1, '公司文件/规章制度', '规章制度', 'global', NULL, '0', 'system', '2020-2-4 19:45:00', 'system', '2020-2-4 19:45:00', NULL, '0', 'TPM');
INSERT INTO `js_filemanager_folder` VALUES ('1119900392284987392', '1119900392012357632', '0,1119900392012357632,', 40, '0000000040,0000000040,', '1', 1, '公司文件/产品资料', '产品资料', 'global', NULL, '0', 'system', '2020-2-4 19:45:00', 'system', '2020-2-4 19:45:00', NULL, '0', 'TPM');
INSERT INTO `js_filemanager_folder` VALUES ('1119900392331124736', '0', '0,', 50, '0000000050,', '0', 0, '基站文件', '基站文件', 'global', NULL, '0', 'system', '2020-2-4 19:45:00', 'system', '2020-2-4 19:45:00', NULL, '0', 'TPM');
INSERT INTO `js_filemanager_folder` VALUES ('1119900392360484864', '1119900392331124736', '0,1119900392331124736,', 30, '0000000050,0000000030,', '1', 1, '基站文件/工程相关', '工程相关', 'global', NULL, '0', 'system', '2020-2-4 19:45:00', 'system', '2020-2-4 19:45:00', NULL, '0', 'TPM');
INSERT INTO `js_filemanager_folder` VALUES ('1119900392406622208', '1119900392331124736', '0,1119900392331124736,', 40, '0000000050,0000000040,', '1', 1, '基站文件/施工相关', '施工相关', 'global', NULL, '0', 'system', '2020-2-4 19:45:00', 'system', '2020-2-4 19:45:00', NULL, '0', 'TPM');
INSERT INTO `js_filemanager_folder` VALUES ('1119900392461148160', '0', '0,', 30, '0000000030,', '1', 0, '我的文档', '我的文档', 'self', NULL, '0', 'system', '2020-2-4 19:45:00', 'system', '2020-2-4 19:45:00', NULL, '0', 'TPM');
INSERT INTO `js_filemanager_folder` VALUES ('1119900392490508288', '0', '0,', 40, '0000000040,', '1', 0, '我的图片', '我的图片', 'self', NULL, '0', 'system', '2020-2-4 19:45:00', 'system', '2020-2-4 19:45:00', NULL, '0', 'TPM');